species;LHP
Aglais_urticae;Urtica dioica
Agriades_glandon_glandon;Vitaliana primufloria
Agriades_glandon_glandon;Androsace obtusifolia
Agriades_glandon_glandon;Androsace chamaejasme
Agriades_glandon_aquilo;Saxifraga aizoides
Agriades_glandon_aquilo;Saxifraga oppositifolia
Agriades_glandon_zullichi;Vitaliana primufloria
Agriades_pyrenaicus_pyrenaicus;Androsace villosa
Agriades_pyrenaicus_dardanus;Androsace villosa
Agrodiaetus_admetus;Onobrychis viciifolia
Agrodiaetus_admetus;Onobrychis caput gallii
Agrodiaetus_agenjoi;NA
Agrodiaetus_ainsae;Onobrychis sp
Agrodiaetus_amanda;Vicia sp
Agrodiaetus_amanda;Vicia cracca
Agrodiaetus_amanda;Vicia stenofolia
Agrodiaetus_amanda;Vicia villosa
Agrodiaetus_amanda;Vicia onobrychioides
Agrodiaetus_amanda;Vicia tetrasperma
Agrodiaetus_amanda;Vicia incana
Agrodiaetus_amanda;Vicia sibthorpii
Agrodiaetus_amanda;Vicia cassubica
Agrodiaetus_aroaniensis;Onobrychis arenaria
Agrodiaetus_damon;Onobrychis alba
Agrodiaetus_damon;Onobrychis montana
Agrodiaetus_damon;Onobrychis sp
Agrodiaetus_dolus_dolus;Onobrychis viciifolia
Agrodiaetus_dolus_virgilius;Onobrychis viciifolia
Agrodiaetus_escheri_escheri;Astragalus monspessulanus
Agrodiaetus_escheri_escheri;Astragalus sempervirens
Agrodiaetus_escheri_escheri;Astragalus exscapus
Agrodiaetus_escheri_escheri;Astragalus incanus
Agrodiaetus_escheri_splendens;Astragalus monspessulanus
Agrodiaetus_escheri_splendens;Astragalus spuneri
Agrodiaetus_fabressei;Onobrychis viciifolia
Agrodiaetus_galloi;NA
Agrodiaetus_humedasae;Onobrychis viciifolia
Agrodiaetus_iphigenia;Onobrychis alba
Agrodiaetus_nephohiptamenos;Onobrychis montana scardica
Agrodiaetus_pyrenaicus_pyrenaicus;Androsace villosa
Agrodiaetus_pyrenaicus_asturiensis;Androsace villosa
Agrodiaetus_pyrenaicus_dardanus;Androsace villosa
Agrodiaetus_ripartii_ripartii;Onobrychis viciifolia
Agrodiaetus_ripartii_ripartii;Onobrychis arenaria
Agrodiaetus_ripartii_ripartii;Onobrychis saxatalis
Agrodiaetus_ripartii_ripartii;Onobrychis alba
Agrodiaetus_ripartii_ripartii;Onobrychis montana
Agrodiaetus_thersites;Onobrychis caput gallii
Agrodiaetus_thersites;Onobrychis viciifolia
Agrodiaetus_violeta;Onobrychis peduncularis
Agrodiaetus_violeta;Onobrychis viciifolia
Albulina_orbitulus;Astragalus alpinus
Anthocharis_belia_euphenoides;Biscutella lyrata
Anthocharis_belia_euphenoides;Biscutella didyma
Anthocharis_belia_euphenoides;Biscutella raphanifolia
Anthocharis_cardamines;Cardamine pratensis
Anthocharis_cardamines;Alliaria petiolata
Anthocharis_cardamines;Arabis turrita
Anthocharis_cardamines;Lunaria annua
Anthocharis_cardamines;Biscutella mollis
Anthocharis_cardamines;Hesperis laciniata
Anthocharis_damone;Isatis tinctoria
Anthocharis_gruneri;Aethionema saxatile
Anthocharis_gruneri;Aethionema orbiculatum
Apatura_ilia_ilia;Populus tremula
Apatura_ilia_ilia;Populus alba
Apatura_ilia_ilia;Populus nigra
Apatura_ilia_ilia;Salix alba
Apatura_ilia_ilia;Salix sp
Apatura_iris;Salix caprea
Apatura_iris;Salix cinerea
Apatura_iris;Salix alba
Apatura_iris;Salix sp
Apatura_metis;Salix alba
Aphantopus_hyperantus;Brachypodium sylvaticum
Aphantopus_hyperantus;Brachypodium pinnatum
Aphantopus_hyperantus;Phleum pratense
Aphantopus_hyperantus;Dactylis glomerata
Aphantopus_hyperantus;Festuca rubra
Aphantopus_hyperantus;Bromus erectus
Aphantopus_hyperantus;Bromus hordeaceus
Aphantopus_hyperantus;Cynosurus cristatus
Aphantopus_hyperantus;Poa pratensis
Aphantopus_hyperantus;Poa nemoralis
Aphantopus_hyperantus;Carex hirta
Aphantopus_hyperantus;Carex strigosa
Aphantopus_hyperantus;Carex sp
Aphantopus_hyperantus;Carex brizoides
Aphantopus_hyperantus;Carex panicea
Aphantopus_hyperantus;Agrostis capillaris
Aphantopus_hyperantus;Milium effusum
Aphantopus_hyperantus;Elymus repens
Aphantopus_hyperantus;Holcus mollis
Aphantopus_hyperantus;Holcus lanatus
Aphantopus_hyperantus;Deschampsia cespitosa
Aphantopus_hyperantus;Molinia caerulea
Aphantopus_hyperantus;Arrhenatherum elatius
Aphantopus_hyperantus;Calamagrostis epigejos
Aporia_crataegi;Prunus spinosa
Aporia_crataegi;Prunus domestica
Aporia_crataegi;Prunus avium
Aporia_crataegi;Prunus persica
Aporia_crataegi;Prunus armeniaca
Aporia_crataegi;Prunus amygdalus
Aporia_crataegi;Prunus mahaleb
Aporia_crataegi;Prunus padus
Aporia_crataegi;Amygdalus communis
Aporia_crataegi;Amygdalus dulcis
Aporia_crataegi;Pyrus communis
Aporia_crataegi;Malus domestica
Aporia_crataegi;Sorbus aucuparia
Aporia_crataegi;Crategus monogyna
Aporia_crataegi;Crategus pycnoloba
Araschnia_levana;Urtica dioica
Araschnia_levana;Urtica urens
Archon_apollinus;Aristolochia bodamae
Archon_apollinus;Aristolochia clematitis
Arethusana_arethusa_arethusa;NA
Argynnis_adippe_adippe;Viola canina
Argynnis_adippe_adippe;Viola hirta
Argynnis_adippe_adippe;Viola odorata
Argynnis_adippe_adippe;Viola sp
Argynnis_aglaja_aglaja;Viola hirtipes
Argynnis_aglaja_aglaja;Viola tricolor
Argynnis_aglaja_aglaja;Viola palustris
Argynnis_elisa;Viola corsica
Argynnis_laodice;Viola palustris
Argynnis_niobe;Viola sp
Argynnis_niobe;Viola odorata
Argynnis_niobe;Viola hirta
Argynnis_niobe;Viola palustris
Argynnis_pandora;Viola sp
Argynnis_paphia;Viola sp
Argynnis_paphia;Viola reichenbachiana
Argynnis_paphia;Viola canina
Argynnis_paphia;Viola odorata
Argynnis_paphia;Viola riviana
Aricia_agestis;Helianthemum nummularium
Aricia_agestis;Erodium cicutarium
Aricia_agestis;Erodium ciconium
Aricia_agestis;Geranium tuberosum
Aricia_agestis;Geranium asphodeloides
Aricia_agestis;Geranium sanguineum
Aricia_artaxerxes;Helianthemum nummularium
Aricia_artaxerxes;Geranium sanguineum
Aricia_artaxerxes;Geranium sylvaticum
Aricia_artaxerxes;Geranium asphodeloides
Aricia_artaxerxes;Geranium subcaulescens
Aricia_artaxerxes;Erodium cicutarium
Aricia_morronensis;Erodium cicutarium
Aricia_morronensis;Erodium cicutarium cicutarium
Aricia_morronensis;Erodium ciconium
Aricia_morronensis;Erodium malacoides
Aricia_morronensis;Erodium petraeum crispum
Artogeia_bryoniae;Brassicaceae
Artogeia_bryoniae;Cardamine belidifolia alpina
Artogeia_bryoniae;Cardamine resedifolia
Artogeia_bryoniae;Biscutella laevigata
Artogeia_bryoniae;Thlaspi alpinum
Artogeia_bryoniae;Thlaspi montanum
Artogeia_ergane;Aethionema saxatile
Artogeia_ergane;Aethionema orbiculatum
Artogeia_ergane;Isatis tinctoria
Artogeia_krueperi;Alyssum saxatile
Artogeia_krueperi;Alyssum montanum
Artogeia_mannii;Iberis sempervirens
Artogeia_mannii;Iberis saxatilis
Artogeia_napi;Ptilotrichum spinosum
Artogeia_napi_segonzaci;Ptilotrichum spinosum
Artogeia_rapae;Brassicaceae
Artogeia_rapae;Capparaceae
Artogeia_rapae;Capparis spinosa
Artogeia_rapae;Tropeolaceae
Artogeia_rapae;Resedaceae
Artogeia_rapae;Chenopodiaceae
Azanus_jesous;NA
Azanus_ubaldus;NA
Berberia_abdelkader;NA
Berberia_lambessanus;NA
Boloria_aquilonaris;Vaccinium oxycoccos
Boloria_graeca;Viola sp
Boloria_napaea;Viola sp
Boloria_napaea;Viola biflora
Boloria_napaea;Polygonum viviparum
Boloria_pales_pales;Viola calcarata
Borbo_borbonica;NA
Brenthis_daphne;Rubus fruticosus
Brenthis_daphne;Rubus idaeus
Brenthis_hecate;Filipendula ulmaria
Brenthis_ino;Filipendula ulmaria
Brenthis_ino;Filipendula petalata
Brenthis_ino;Rubus chamaemorus
Brenthis_ino;Rubus idaeus
Brenthis_ino;Aruncus dioicus
Brenthis_ino;Sanguisorba officinalis
Cacyreus_marshalli;NA
Callophrys_avis;Arbutus unedo
Callophrys_avis;Salvia verbenaca
Callophrys_avis;Viburnum tinus
Callophrys_avis;Coriaria myrtifolia
Callophrys_rubi;NA
Carcharodus_alceae;Malva sylvestris
Carcharodus_alceae;Malva neglecta
Carcharodus_alceae;Malva moschata
Carcharodus_alceae;Malva pusilla
Carcharodus_alceae;Alcea rosea
Carcharodus_alceae;Chrozophora hierosolymitana
Carcharodus_boeticus;NA
Carcharodus_flocciferus;Stachys recta
Carcharodus_flocciferus;Stachys germanica
Carcharodus_flocciferus;Stachys officinalis
Carcharodus_flocciferus;Stachys alpina
Carcharodus_flocciferus;Stachys palustris
Carcharodus_flocciferus;Stachys sylvatica
Carcharodus_flocciferus;Stachys scardica
Carcharodus_lavatherae_lavatherae;Stachys recta
Carcharodus_lavatherae_lavatherae;Stachys germanica
Carcharodus_lavatherae_tauricus;Stachys arvensis
Carcharodus_lavatherae_lavatherae;Stachys plumosa
Carcharodus_orientalis;Stachys sp
Carcharodus_stauderi;Phlomis aurea
Carcharodus_tripolinus;Malva sylvestris
Carterocephalus_palaemon;Molinia caerulea
Carterocephalus_palaemon;Molinia caerulea arundincacea
Carterocephalus_palaemon;Calamagrostis epigejos
Carterocephalus_palaemon;Brachypodium sylvaticum
Carterocephalus_palaemon;Brachypodium pinnatum
Carterocephalus_palaemon;Bromus ramosus
Carterocephalus_palaemon;Dactylis glomerata
Carterocephalus_palaemon;Alopecurus pratensis
Carterocephalus_palaemon;Phleum pratense
Carterocephalus_silvicolus;Bromus ramosus
Carterocephalus_silvicolus;Brachypodium sylvaticum
Carterocephalus_silvicolus;Cynosurus cristatus
Catopsila_florella;NA
Celastrina_argiolus;Rubus fruticosus
Celastrina_argiolus;Rubus idaeus
Celastrina_argiolus;Rubus discolor
Celastrina_argiolus;Filipendula ulmaria
Celastrina_argiolus;Discolores sp
Celastrina_argiolus;Pyracantha coccinea
Celastrina_argiolus;Ulex europaeus
Celastrina_argiolus;Genista tinctoria
Celastrina_argiolus;Spartium junceum
Celastrina_argiolus;Dorycnium pentaphyllum
Celastrina_argiolus;Astragalus glycophyllos
Celastrina_argiolus;Medicago sativa
Celastrina_argiolus;Melilotus alba
Celastrina_argiolus;Melilotus officinalis
Celastrina_argiolus;Galega officinalis
Celastrina_argiolus;Colutea arborescens
Celastrina_argiolus;Robinia pseudoacacia
Celastrina_argiolus;Euonymus europaeus
Celastrina_argiolus;Rhamnus cathartica
Celastrina_argiolus;Frangula alnus
Celastrina_argiolus;Humulus lupulus
Celastrina_argiolus;Calluna vulgaris
Celastrina_argiolus;Erica arborea
Celastrina_argiolus;Arbutus unedo
Celastrina_argiolus;Escallonia macrantha
Celastrina_argiolus;Ligustrum vulgare
Celastrina_argiolus;Syringa vulgaris
Celastrina_argiolus;Ilex aquifolium
Celastrina_argiolus;Cornus sanguinea
Celastrina_argiolus;Hedera helix
Celastrina_argiolus;Lythrum salicaria
Charaxes_jasius;Arbutus unedo
Chazara_briseis;Bromus erectus
Chazara_briseis;Festuca ovina
Chazara_prieuri;Lygeum spartum
Chilades_trochylus;Andrachne telephioides
Cigaritis_allardi;NA
Cigaritis_siphax;NA
Cigaritis_zohra;NA
Clossiana_chariclea;NA
Clossiana_dia;Viola sp
Clossiana_dia;Viola reichenbachiana
Clossiana_dia;Viola canina
Clossiana_dia;Viola odorata
Clossiana_dia;Viola hirta
Clossiana_dia;Viola tricolor
Clossiana_euphorysne;Viola sp
Clossiana_euphorysne;Viola sp
Clossiana_euphorysne;Viola reichenbachiana
Clossiana_euphorysne;Viola canina
Clossiana_euphorysne;Viola palustris
Clossiana_euphorysne;Viola odorata
Clossiana_euphorysne;Viola riviniana
Clossiana_euphorysne;Viola hirta
Clossiana_freija;Vaccinium uliginosum
Clossiana_freija;Rubus chamaemorus
Clossiana_freija;Arctostaphylos alpina
Clossiana_freija;Arctostaphylos uva ursi
Clossiana_freija;Empetrum nigrum
Clossiana_frigga;Rubus chamaemorus
Clossiana_improba;NA
Clossiana_polaris;NA
Clossiana_selene;Viola canina
Clossiana_selene;Viola palustris
Clossiana_selene;Viola riviniana
Clossiana_selene;Viola hirta
Clossiana_thore_thore;Viola sp
Clossiana_thore_thore;Viola biflora
Clossiana_titania_titania;Polygonum bistorta
Coenonympha_arcania;Poa pratensis
Coenonympha_arcania;Melica ciliata
Coenonympha_arcania;Holcus lanatus
Coenonympha_arcanioides;NA
Coenonympha_corinna;NA
Coenonympha_darwiniana;NA
Coenonympha_dorus_dorus;Agrostis canina
Coenonympha_dorus_dorus;Agrostis alba
Coenonympha_dorus_dorus;Festuca ovina
Coenonympha_elbana;NA
Coenonympha_gardetta;NA
Coenonympha_glycerion_glycerion;Brachypodium sylvaticum
Coenonympha_glycerion_glycerion;Cynosurus cristatus
Coenonympha_glycerion_glycerion;Briza media
Coenonympha_glycerion_glycerion;Melica ciliata
Coenonympha_glycerion_glycerion;Bromus erectus
Coenonympha_glycerion_glycerion;Bromus hordeaceus
Coenonympha_hero;Leymus arenarius
Coenonympha_hero;Hordeum marinum
Coenonympha_hero;Hordelymus europaeus
Coenonympha_leander_leander;NA
Coenonympha_oedippus;Poa palustris
Coenonympha_oedippus;Poa pratensis
Coenonympha_oedippus;Poa annua
Coenonympha_pamphilus;Festuca ovina
Coenonympha_pamphilus;Festuca rubra
Coenonympha_pamphilus;Poa annua
Coenonympha_pamphilus;Anthoxanthum odoratum
Coenonympha_pamphilus;Cynosurus cristatus
Coenonympha_pamphilus;Dactylis glomerata
Coenonympha_pamphilus;Nardus stricta
Coenonympha_rhodopensis;NA
Coenonympha_thyrsis;NA
Coenonympha_tullia_tullia;Rhynchospora alba
Coenonympha_tullia_tullia;Eriophorum vaginatum
Coenonympha_tullia_tullia;Eriophorum angustifolium
Coenonympha_tullia_tullia;Carex rostrata
Coenonympha_vaucheri;NA
Colias_alfacariensis;Hippocrepis comosa
Colias_alfacariensis;Coronilla varia
Colias_aurorina;Astracantha rumelica
Colias_aurorina;Astragalus parnassi cyllenus
Colias_caucasia;Chamaecytisus hirsutus
Colias_caucasia;Chamaecytisus eriocarpus
Colias_chrysotheme;Vicia hirsuta
Colias_chrysotheme;Astragalus austriacus
Colias_crocea;Fabaceae
Colias_crocea;Medicago sativa
Colias_crocea;Medicago lupulina
Colias_crocea;Medicago polymorpha
Colias_crocea;Medicago lappacea
Colias_crocea;Medicago hispidia
Colias_crocea;Medicago sulcata
Colias_crocea;Trifolium pratense
Colias_crocea;Onobrychis viciifolia
Colias_crocea;Lotus sp
Colias_crocea;Coronilla sp
Colias_crocea;Melilotus sp
Colias_crocea;Hippocrepis sp
Colias_crocea;Astragalus sp
Colias_crocea;Astracanthus sp
Colias_crocea;Vicia sp
Colias_crocea;Chamaecytisus sp
Colias_crocea;Coluleta sp
Colias_crocea;Erophaca sp
Colias_crocea;Acanthyllis sp
Colias_crocea;Anthyllis sp
Colias_crocea_helice;Fabaceae
Colias_crocea_helice;Medicago sativa
Colias_crocea_helice;Medicago lupulina
Colias_crocea_helice;Medicago polymorpha
Colias_crocea_helice;Medicago lappacea
Colias_crocea_helice;Medicago hispidia
Colias_crocea_helice;Medicago sulcata
Colias_crocea_helice;Trifolium pratense
Colias_crocea_helice;Onobrychis viciifolia
Colias_crocea_helice;Lotus sp
Colias_crocea_helice;Coronilla sp
Colias_crocea_helice;Melilotus sp
Colias_crocea_helice;Hippocrepis sp
Colias_crocea_helice;Astragalus sp
Colias_crocea_helice;Astracanthus sp
Colias_crocea_helice;Vicia sp
Colias_crocea_helice;Chamaecytisus sp
Colias_crocea_helice;Coluleta sp
Colias_crocea_helice;Erophaca sp
Colias_crocea_helice;Acanthyllis sp
Colias_crocea_helice;Anthyllis sp
Colias_erate;Medicago sativa
Colias_erate_white_form;Medicago sativa
Colias_hecla;Astragalus alpinus
Colias_hyale;Medicago sativa
Colias_hyale;Medicago lupulina
Colias_hyale;Lotus corniculatus
Colias_hyale;Trifolium pratense
Colias_hyale;Hippocrepis comosa
Colias_hyale;Securigera varia
Colias_hyale;Vicia cracca
Colias_myrmidone;Cytisus ratisbonensis
Colias_myrmidone;Cytisus capitatus
Colias_nastes;Vaccinium sp
Colias_nastes;Astragalus alpinus
Colias_palaeno;Vaccinium uliginosum
Colias_palaeno;Vaccinium myrtillus
Colias_phicomone;Hippocrepis comosa
Colias_phicomone;Trifolium repens
Colias_phicomone;Lotus corniculatus
Colotis_evagore;Capparis spinosa
Cupido_carswelli;Anthyllis vulneraria
Cupido_lorquinii;Anthyllis vulneraria
Cupido_minimus;Anthyllis vulneraria
Cupido_osiris;Onobrychis viciifolia
Cupido_osiris;Onobrychis sp
Cupido_osiris;Onobrychis montana
Cupido_osiris;Onobrychis arenaria
Cyaniris_semiargus_semiargus;Trifolium pratense
Cyaniris_semiargus_semiargus;Trifolium physodes
Cyaniris_semiargus_helena;Trifolium physodes
Cyclyrius_webbianus;NA
Danaus_chrysippus;Asclepias curassavica atropurpurea
Danaus_chrysippus;Calotropis procera
Danaus_plexippus;Asclepias curassavica
Elphinstonia_charlonia;Eruca vesicaria
Elphinstonia_penia;Matthiola tessela
Erebia_aethiopella;Festuca paniculata
Erebia_aethiops;Molinia caerulea
Erebia_aethiops;Sesleria caerulea
Erebia_aethiops;Carex sempervirens
Erebia_aethiops;Bromus erectus
Erebia_aethiops;Brachypodium pinnatum
Erebia_aethiops;Calamagrostis epigejos
Erebia_aethiops;Dactylis glomerata
Erebia_aethiops;Festuca ovina
Erebia_aethiops;Luzula nivea
Erebia_aethiops;Poa trivialis
Erebia_aethiops;Anthoxanthum odoratum
Erebia_aethiops;Briza media
Erebia_alberganus;Festuca ovina
Erebia_alberganus;Anthoxanthum odoratum
Erebia_calcaria;Festuca ovina
Erebia_cassioides;Festuca ovina
Erebia_christi;Festuca ovina
Erebia_claudina;NA
Erebia_disa;NA
Erebia_embla;NA
Erebia_epiphron_aetheria;Nardus stricta
Erebia_epiphron_epiphron;Nardus stricta
Erebia_epiphron_mnemon;Nardus stricta
Erebia_epiphron_silesiana;NA
Erebia_epistygne;Festuca ovina
Erebia_eriphyle;Anthoxanthum odoratum
Erebia_eriphyle;Deschampsia caespitosa
Erebia_euryale_euryale;Sesleria varia
Erebia_euryale_euryale;Festuca ovina
Erebia_euryale_euryale;Festuca rubra
Erebia_euryale_euryale;Festuca alpina
Erebia_euryale_euryale;Poa nemoralis
Erebia_euryale_euryale;Carex flacca
Erebia_euryale_euryale;Carex ferruginea
Erebia_euryale_euryale;Calamagrostis varia
Erebia_flavofasciata;Festuca ovina
Erebia_gorge;Poa minor
Erebia_gorge;Poa alpina
Erebia_gorge;Sesleria varia
Erebia_gorge;Festuca alpina
Erebia_gorgone;NA
Erebia_hispania;Festuca ovina
Erebia_lefebvrei_lefebvrei;NA
Erebia_ligea;Carex sylvatica
Erebia_ligea;Carex strigosa
Erebia_manto_manto;Festuca rubra
Erebia_medusa_medusa;Festuca ovina
Erebia_medusa_medusa;Festuca rubra
Erebia_medusa_medusa;Bromus erectus
Erebia_medusa_medusa;Milium effusum
Erebia_melampus;Anthoxanthum odoratum
Erebia_melampus;Festuca ovina
Erebia_melampus;Poa nemoralis
Erebia_melas_schanerdae;NA
Erebia_meolans_meolans;Agrostis capillaris
Erebia_meolans_meolans;Deschampsia flexuosa
Erebia_meolans_meolans;Nardus stricta
Erebia_meolans_meolans;Festuca ovina
Erebia_mnestra;Festuca sp
Erebia_mnestra;Sesleria varia
Erebia_montana_montana;Nardus stricta
Erebia_montana_montana;Festuca alpina
Erebia_montana_montana;Festuca ovina
Erebia_neoridas;Digitaria sanguinalis
Erebia_neoridas;Poa annua
Erebia_neoridas;Poa pratensis
Erebia_neoridas;Festuca ovina
Erebia_nivalis;Festuca quadriflora
Erebia_oeme_oeme;Poa alpina
Erebia_oeme_oeme;Poa pratensis
Erebia_oeme_oeme;Poa nemoralis
Erebia_oeme_oeme;Festuca rubra
Erebia_oeme_oeme;Carex flacca
Erebia_oeme_oeme;Carex sempervirens
Erebia_oeme_oeme;Briza media
Erebia_oeme_oeme;Molinia caerulea
Erebia_orientalis;NA
Erebia_ottomana;Festuca ovina
Erebia_palarica;NA
Erebia_pandrose;Festuca sp
Erebia_pandrose;Poa sp
Erebia_pandrose;Sesleria sp
Erebia_pharte_pharte;Edritria ferruginea
Erebia_pharte_pharte;Carex flacca
Erebia_pharte_pharte;Festuca ovina
Erebia_pharte_pharte;Festuca quadriflora
Erebia_pharte_pharte;Festuca rubra
Erebia_pharte_pharte;Nardus stricta
Erebia_pluto_pluto;Festuca quadriflora
Erebia_pluto_pluto;Festuca alpina
Erebia_pluto_pluto;Poa minor
Erebia_polaris;NA
Erebia_pronoe_pronoe;Festuca quadriflora
Erebia_pronoe_pronoe;Festuca ovina
Erebia_rhodopensis;NA
Erebia_scipio;Helictotrichon sedenense
Erebia_sthennyo;NA
Erebia_stirius;Sesleria caerulea
Erebia_styx_styx;Sesleria varia
Erebia_sudetica_sudetica;Anthoxanthum odoratum
Erebia_triaria_triaria;Festuca ovina
Erebia_triaria_triaria;Poa pratensis
Erebia_triaria_triaria;Poa alpina
Erebia_triaria_triaria;Stipa pennata
Erebia_tyndarus;Nardus stricta
Erebia_tyndarus;Festuca ovina
Erebia_zapateri;Poaceae
Erynnis_marloyi;NA
Erynnis_tages;Lotus corniculatus
Erynnis_tages;Lotus uligonosus
Erynnis_tages;Hippocrepis comosa
Euchloe_ausonia;Sinapis arvensis
Euchloe_ausonia;Isatis tinctoria
Euchloe_ausonia;Isatis glauca
Euchloe_ausonia;Aethionema saxatile
Euchloe_ausonia;Iberis sempervirens
Euchloe_ausonia;Biscutella mollis
Euchloe_ausonia;Biscutella laevigata
Euchloe_ausonia;Bunias erucago
Euchloe_ausonia;Alyssum saxatile
Euchloe_belemia;Diplotaxis siifolia
Euchloe_belemia;Biscutella laevigata
Euchloe_belemia;Sisymbrium sp
Euchloe_falloui;NA
Euchloe_insolaris;Iberis pinnata
Euchloe_insolaris;Sinapis sp
Euchloe_simplonia;NA
Euchloe_tagis_tagis;Iberis pinnata
Euchloe_tagis_tagis;Iberis saxatilis saxatalis
Euchloe_tagis_tagis;Iberis saxatalis cinerea
Euchloe_tagis_tagis;Iberis sempervirens
Euchloe_tagis_tagis;Iberis ciliata
Euchloe_tagis_tagis;Iberis amara
Euchloe_tagis_tagis;Iberis umbellata
Eumedonia_eumedon;Geranium sanguineum
Eumedonia_eumedon;Geranium sylvaticum
Eumedonia_eumedon;Geranium tuberosum
Eumedonia_eumedon;Geranium palustre
Eumedonia_eumedon;Geranium pratense
Eumedonia_eumedon;Geranium cinereum
Eurodryas_aurinia;Succisa pratensis
Eurodryas_aurinia;Scabiosa columbaria
Eurodryas_aurinia;Scabiosa sp
Eurodryas_aurinia;Lonicera periclymenum
Eurodryas_aurinia;Lonicera implexa
Eurodryas_aurinia;Gentiana lutea
Eurodryas_aurinia_provincialis;Succisa pratensis
Eurodryas_aurinia_provincialis;Scabiosa columbaria
Eurodryas_aurinia_provincialis;Cephalaria leucantha
Eurodryas_aurinia_provincialis;Knautia arvensis
Eurodryas_aurinia_beckeri;Gentiana verna
Eurodryas_aurinia_beckeri;Gentiana acaulis
Eurodryas_aurinia_beckeri;Gentiana clusii
Eurodryas_aurinia_beckeri;Gentiana alpina
Eurodryas_aurinia_beckeri;Primula viscosa
Eurodryas_desfontainii;Knautia arvensis
Everes_alcetas;Galega officinalis
Everes_alcetas;Coronilla varia
Everes_argiades;Lotus corniculatus
Everes_argiades;Lotus uliginosus
Everes_argiades;Coronilla varia
Everes_argiades;Medicago sativa
Everes_argiades;Medicago lupulina
Everes_argiades;Trifolium pratense
Everes_argiades;Astragalus glycyphyllos
Everes_decoloratus;Medicago lupulina
Everes_decoloratus;Medicago sativa
Gegenes_nostrodamus;NA
Gegenes_pumilio;NA
Glaucopsyche_alexis;Astragalus glycyphyllos
Glaucopsyche_alexis;Astragalus onobrychis
Glaucopsyche_alexis;Galega officinalis
Glaucopsyche_alexis;Vicia sp
Glaucopsyche_alexis;Coronilla varia
Glaucopsyche_alexis;Calicotome villosa
Glaucopsyche_alexis;Spartium junceum
Glaucopsyche_alexis;Medicago sp
Glaucopsyche_alexis;Melilotus alba
Glaucopsyche_alexis;Onobrychis sp
Glaucopsyche_alexis;Cytisus sp
Glaucopsyche_alexis;Colutea arborescens
Glaucopsyche_alexis;Fabaceae
Glaucopsyche_melanops;Ononis atlantica
Glaucopsyche_melanops;Adenocarpus anagyrifolius
Glaucopsyche_melanops;Hedysarum flexuosum
Gonepteryx_cleopatra;Rhamnus sibthorpianus
Gonepteryx_cleopatra;Rhamnus cathartica
Gonepteryx_cleopatra;Rhamnus alaternus
Gonepteryx_cleopatra;Rhamnus alpinus
Gonepteryx_cleopatra;Rhamnus myrtifolia
Gonepteryx_cleopatra;Rhamnus oleoides
Gonepteryx_farinosa;Rhamnus alpinus fallax
Gonepteryx_farinosa;Rhamnus sibthorpianus
Gonepteryx_farinosa;Rhamnus lycioides graecus
Gonepteryx_farinosa;Paliurus spina christi
Gonepteryx_rhamni;Frangula alnus
Gonepteryx_rhamni;Rhamnus cathartica
Gonepteryx_rhamni;Rhamnus alaternus
Gonepteryx_rhamni;Rhamnus alpinus fallax
Gonepteryx_rhamni;Rhamnus myrtifolia
Gonepteryx_rhamni;Rhamnus oleoides
Hamearis_lucina;Primula vulgaris
Hamearis_lucina;Primula veris
Hamearis_lucina;Primula elatior
Hesperia_comma;Festuca ovina
Hesperia_comma;Lolium perenne
Heteropterus_morpheus;Calamagrostis canescens
Heteropterus_morpheus;Brachypodium sylvaticum
Heteropterus_morpheus;Molinia caerulea
Heteropterus_morpheus;Phragmites australis
Hipparchia_alcyone;Brachypodium pinnatum
Hipparchia_alcyone;Brachypodium sylvaticum
Hipparchia_alcyone;Festuca ovina
Hipparchia_aristaeus_blachieri;NA
Hipparchia_azorina;NA
Hipparchia_caldeirense;NA
Hipparchia_cretica;NA
Hipparchia_ellena;Brachypodium ramosum
Hipparchia_fagi;Brachypodium pinnatum
Hipparchia_fagi;Bromus erectus
Hipparchia_fagi;Festuca rubra
Hipparchia_mersina;NA
Hipparchia_neomiris;NA
Hipparchia_pellucida;NA
Hipparchia_semele;Festuca ovina
Hipparchia_semele;Koeleria pyramidata
Hipparchia_semele;Agrostis curtisii
Hipparchia_semele;Phleum phleoides
Hipparchia_semele;Ammophila arundinacea
Hipparchia_semele;Ammophila arenaria
Hipparchia_semele;Deschampsia caespitosa
Hipparchia_semele;Vulpia myuros
Hipparchia_semele;Aira praecox
Hipparchia_semele;Elymus repens
Hipparchia_semele;Bromus erectus
Hipparchia_semele;Briza media
Hipparchia_semele;Sesleria albicans
Hipparchia_semele;Lolium perenne
Hipparchia_syriaca;NA
Hipparchia_volgenis;NA
Hypodryas_cynthia;Plantago alpina
Hypodryas_cynthia;Viola calcarata
Hypodryas_iduna;Veronica alpina
Hypodryas_iduna;Veronica fruticans
Hypodryas_iduna;Plantago sp
Hypodryas_iduna;Vaccinium sp
Hypodryas_intermedia;Lonicera caerulea
Hypodryas_maturna;Fraxinus excelsior
Hypodryas_maturna;Populus tremula
Hyponephele_lupina;NA
Hyponephele_lycaon;Festuca ovina
Hyponephele_lycaon;Festuca rubra
Hyponephele_lycaon;Bromus erectus
Hyponephele_lycaon;Stipa pennata
Hyponephele_maroccana;NA
Inachis_io;Urtica dioica
Inachis_io;Parietaria officinalis
Iolana_iolas;Colutea arborescens
Iolana_iolas;Colutea cilicica
Iphiclides_podalirius;Prunus sp
Issoria_lathonia;Viola sp
Issoria_lathonia;Viola tricolor
Issoria_lathonia;Viola arvensis
Issoria_lathonia;Viola aetolica
Issoria_lathonia;Viola lutea
Issoria_lathonia;Viola biflora
Issoria_lathonia;Viola calcarata
Issoria_lathonia;Viola corsica
Issoria_lathonia;Viola odorata
Kanetisa_circe;Festuca ovina
Kanetisa_circe;Bromus erectus
Kirinia_climene;NA
Kirinia_roxelana;NA
Kretania_eurypilus;Astracantha rumelica
Kretania_psylorita;Astragalus sp
Kretania_psylorita;Astracantha sp
Laeopsis_roboris;Fraxinus excelsior
Lampides_boeticus;Colutea arborescens
Lasiommata_maera_maera;Glyceria fluitans
Lasiommata_maera_maera;Deschampsia flexuosa
Lasiommata_maera_maera;Calamagrostis epigejos
Lasiommata_maera_maera;Calamagrostis arundinacea
Lasiommata_maera_maera;Calamagrostis varia
Lasiommata_maera_maera;Nardus stricta
Lasiommata_maera_maera;Hordeum marinum
Lasiommata_maera_maera;Agrostis capillaris
Lasiommata_maera_maera;Luzula luzuloides
Lasiommata_maera_maera;Holcus mollis
Lasiommata_maera_maera;Festuca rubra
Lasiommata_maera_maera;Festuca ovina
Lasiommata_megera;Dactylis glomerata
Lasiommata_megera;Agrostis tenuis
Lasiommata_megera;Agrostis gigantea
Lasiommata_megera;Agrostis capillaris
Lasiommata_megera;Deschampsia flexuosa
Lasiommata_megera;Holcus lanatus
Lasiommata_megera;Festuca ovina
Lasiommata_megera;Brachypodium sylvaticum
Lasiommata_megera;Brachypodium pinnatum
Lasiommata_petropolitana;Calamagrostis epigejos
Lasiommata_petropolitana;Festuca ovina
Lasiommata_petropolitana;Dactylis glomerata
Leptidea_duponcheli;Lathyrus aphaca
Leptidea_duponcheli;Lathyrus pratensis
Leptidea_duponcheli;Lotus uliginosus
Leptidea_morsei;Lathyrus vernus
Leptidea_morsei;Lathyrus niger
Leptidea_reali;Lathyrus pratensis
Leptidea_sinapis;Lathyrus pratensis
Leptidea_sinapis;Lathyrus grandiflorus
Leptidea_sinapis;Lathyrus tuberosus
Leptidea_sinapis;Lathyrus montanus
Leptidea_sinapis;Lathyrus linifolius
Leptidea_sinapis;Lathyrus vernus
Leptidea_sinapis;Lathyrus niger
Leptidea_sinapis;Lathyrus aphaca
Leptidea_sinapis;Lotus uliginosus
Leptidea_sinapis;Lotus corniculatus
Leptotes_pirithous;Fabaceae
Leptotes_pirithous;Lythraceae
Leptotes_pirithous;Lythrum salicaria
Leptotes_pirithous;Plumbaginaceae
Leptotes_pirithous;Rosaceae
Leptotes_pirithous;Ericaceae
Leptotes_pirithous;Calluna vulgaris
Leptotes_pirithous;Sambucus ebulus
Leptotes_pirithous;Jasminum cultivar
Libythea_celtis;Celtis australis
Limenitis_camilla;Lonicera periclymenum
Limenitis_camilla;Lonicera caprifolia
Limenitis_camilla;Lonicera xylosteum
Limenitis_camilla;Symphoricarpus racemosa
Limenitis_populi;Populus tremula
Limenitis_reducta;Lonicera periclymenum
Limenitis_reducta;Lonicera etrusca
Limenitis_reducta;Lonicera implexa
Limenitis_reducta;Lonicera xylosteum
Limenitis_reducta;Lonicera alpigena
Limenitis_reducta;Lonicera nummulariifolia
Limenitis_reducta;Lonicera caprifolia
Lopinga_achine;Brachypodium sylvaticum
Lopinga_achine;Brachypodium pinnatum
Lycaena_alciphron_alciphron;Rumex sp
Lycaena_alciphron_alciphron;Rumex acetosa
Lycaena_candens;Rumex sp
Lycaena_candens;Rumex acetosa
Lycaena_dispar;Rumex hydrolapathum
Lycaena_dispar;Rumex crispus
Lycaena_dispar;Rumex aquaticus
Lycaena_helle;Polygonum bistorta
Lycaena_helle;Polygonum viviparum
Lycaena_hippothoe_hippothoe;Polygonum bistorta
Lycaena_hippothoe_hippothoe;Rumex acetosa
Lycaena_ottomana;Rumex acetosella
Lycaena_phlaeas;Rumex sp
Lycaena_phlaeas;Rumex acetosella
Lycaena_phlaeas;Rumex acetosa
Lycaena_phlaeas;Rumex hydrolapathum
Lycaena_phlaeas;Rumex scutatus
Lycaena_phoebus;NA
Lycaena_thersamon;Polygonum aviculare
Lycaena_thetis;Acantholimon androsaceum
Lycaena_tityrus_tityrus;Rumex scutatus
Lycaena_virgaureae;Rumex acetosa
Lycaena_virgaureae;Rumex sp
Lysandra_albicans;Hippocrepis comosa
Lysandra_bellargus;Hippocrepis comosa
Lysandra_bellargus;Coronilla varia
Lysandra_coridon;Hippocrepis comosa
Lysandra_hispana;Hippocrepis comosa
Lysandra_philippi;Hippocrepis comosa
Lysandra_punctifera;Hippocrepis scabra
Maculinea_alcon;Gentiana pneumonanthe
Maculinea_alcon;Gentiana asclepiadea
Maculinea_arion_arion;Thymus sp
Maculinea_arion_arion;Thymus serpyllum
Maculinea_arion_arion;Thymus praecox
Maculinea_nausithous;Sanguisorba officinalis
Maculinea_rebeli;Gentiana cruciata
Maculinea_rebeli;Gentiana germanica
Maculinea_rebeli;Gentiana asclepiadea
Maculinea_telejus;Sanguisorba officinalis
Maniola_jurtina_jurtina;Poa pratensis
Maniola_jurtina_jurtina;Lolium pratensis
Maniola_jurtina_jurtina;Festuca rubra
Maniola_jurtina_jurtina;Festuca arundinacea
Maniola_jurtina_jurtina;Agrostis stolonifera
Maniola_jurtina_jurtina;Agrostis canina
Maniola_jurtina_jurtina;Bromus erectus
Maniola_jurtina_jurtina;Brachypodium pinnatum
Maniola_jurtina_jurtina;Holcus lanatus
Maniola_jurtina_jurtina;Avenula pubescens
Maniola_jurtina_jurtina;Alopecurus pratensis
Maniola_jurtina_jurtina;Anthoxanthum odoratum
Maniola_nurag;NA
Maniola_telmessia;NA
Maurus_vogelii;Erodium praeteum crispum
Melanargia_arge;NA
Melanargia_galathea;Brachypodium pinnatum
Melanargia_galathea;Brachypodium sylvaticum
Melanargia_galathea;Bromus erectus
Melanargia_galathea;Poa trivialis
Melanargia_galathea;Phleum pratense
Melanargia_galathea;Agrostis capillaris
Melanargia_galathea;Dactylus glomerata
Melanargia_galathea;Molinia caerulea
Melanargia_galathea;Avena pubescens
Melanargia_galathea;Festuca rubra
Melanargia_ines;Brachypodium pinnatum
Melanargia_lachesis;NA
Melanargia_larissa;NA
Melanargia_occitanica_occitanica;Brachypodium pinnatum
Melanargia_occitanica_occitanica;Dactylis glomerata
Melanargia_occitanica_occitanica;Lygeum spartum
Melanargia_russiae_cleanthe;NA
Melanargia_russiae_japygia;Stipa pennata
Melanargia_russiae_japygia;Aegilops geniculata
Melanargia_russiae_japygia;Brachypodium pinnatum
Melanargia_russiae_japygia;Brachypodium sylvaticum
Meleageria_daphnis;Coronilla varia
Melitaea_aetherica;Centaurea calcitrapa
Melitaea_aetherica;Centaurea carratracensis
Melitaea_aetherica;Cynara cardunculus
Melitaea_arduinna;Centaureae sp
Melitaea_cinxia;Plantago lanceolata
Melitaea_cinxia;Plantago subulata
Melitaea_cinxia;Plantago bellardii deflexa
Melitaea_cinxia;Plantago argentea
Melitaea_cinxia;Plantago cynops
Melitaea_cinxia;Plantago major
Melitaea_cinxia;Plantago media
Melitaea_cinxia;Centaureae sp
Melitaea_cinxia;Veronica teucrium
Melitaea_deserticola;NA
Melitaea_diamina_diamina;Valeriana officinalis
Melitaea_diamina_diamina;Valeriana wallrothii
Melitaea_diamina_diamina;Valeriana dioica
Melitaea_diamina_diamina;Valeriana sp
Melitaea_didyma_didyma;Linaria vulgaris
Melitaea_didyma_didyma;Linaria peloponesiaca
Melitaea_didyma_didyma;Linaria alpina
Melitaea_didyma_didyma;Antihirrhinum brevifolium
Melitaea_didyma_didyma;Misopates Orontium
Melitaea_didyma_didyma;Plantago subulata
Melitaea_didyma_didyma;Plantago amplexicaulis
Melitaea_didyma_didyma;Plantago bellardii deflexa
Melitaea_didyma_didyma;Plantago lanceolata
Melitaea_didyma_didyma;Plantago major
Melitaea_didyma_didyma;Veronica teucrium
Melitaea_didyma_didyma;Veronica chamaedrys
Melitaea_didyma_didyma;Digitalis grandiflora
Melitaea_didyma_didyma;Digitalis purpurea
Melitaea_didyma_didyma;Stachys recta
Melitaea_didyma_didyma;Valeriana officinalis
Melitaea_didyma_didyma;Valeriana montana
Melitaea_didyma_didyma;Valeriana persica
Melitaea_didyma_didyma;Verbascum thapsus
Melitaea_phoebe_phoebe;Centaureae sp
Melitaea_phoebe_phoebe;Centaurea jacea
Melitaea_phoebe_phoebe;Centaurea montana
Melitaea_phoebe_phoebe;Centaurea alba
Melitaea_phoebe_phoebe;Centaureae graeca
Melitaea_phoebe_phoebe;Centaurea scabiosa
Melitaea_phoebe_phoebe;Centaurea nigrescens
Melitaea_phoebe_phoebe;Centaureae columbaria
Melitaea_trivia_trivia;Verbascum thapsus
Melitaea_trivia_trivia;Verbascum densiflorum
Melitaea_trivia_trivia;Verbascum longifolium
Melitaea_trivia_trivia;Verbascum speciosum
Melitaea_trivia_trivia;Verbascum delpicum
Melitaea_trivia_ignasiti;Verbascum thapsus
Mellicta_asteria;Plantago alpina
Mellicta_athalia_athalia;Plantago lanceolata
Mellicta_athalia_athalia;Plantago alpina
Mellicta_athalia_athalia;Veronica chamaedrys
Mellicta_athalia_athalia;Veronica montana
Mellicta_athalia_athalia;Veronica officinalis
Mellicta_athalia_athalia;Melampyrum pratense
Mellicta_athalia_athalia;Melampyrum sylvaticum
Mellicta_athalia_athalia;Digitalis purpurea
Mellicta_athalia_athalia;Digitalis ferruginea
Mellicta_athalia_athalia;Digitalis lutea
Mellicta_athalia_athalia;Linaria vulgaris
Mellicta_athalia_norvegica;Plantago sp
Mellicta_athalia_norvegica;Veronica sp
Mellicta_athalia_norvegica;Melampyrum sp
Mellicta_athalia_celadussa;Plantago lanceolata
Mellicta_athalia_celadussa;Plantago alpina
Mellicta_athalia_celadussa;Veronica chamaedrys
Mellicta_athalia_celadussa;Veronica montana
Mellicta_athalia_celadussa;Veronica officinalis
Mellicta_athalia_celadussa;Melampyrum pratense
Mellicta_athalia_celadussa;Melampyrum sylvaticum
Mellicta_athalia_celadussa;Digitalis purpurea
Mellicta_athalia_celadussa;Digitalis ferruginea
Mellicta_athalia_celadussa;Digitalis lutea
Mellicta_athalia_celadussa;Linaria vulgaris
Mellicta_aurelia;Plantago lanceolata
Mellicta_britomartis;Plantago lanceolata
Mellicta_britomartis;Veronica teucrium
Mellicta_britomartis;Rhinanthus minor
Mellicta_deione_deione;Linaria vulgaris
Mellicta_deione_deione;Linaria alpina
Mellicta_deione_deione;Antihirrhinum hispanicum
Mellicta_deione_deione;Chaenorhinum minus
Mellicta_deione_berisalii;Linaria vulgaris
Mellicta_deione_berisalii;Linaria alpina
Mellicta_deione_berisalii;Chaenorhinum minus
Mellicta_deione_rosinae;Linaria vulgaris
Mellicta_parthenoides;Plantago lanceolata
Mellicta_parthenoides;Plantago alpina
Mellicta_parthenoides;Plantago media
Mellicta_varia;Plantago alpina
Mellicta_varia;Gentiana verna
Mellicta_varia;Gentiana acaulis
Minois_dryas;NA
Muschampia_cribrellum;NA
Muschampia_leuzeae;NA
Muschampia_mohammed;NA
Muschampia_proto;Phlomis fruticosa
Muschampia_proto;Phlomis lychnitis
Muschampia_proto;Phlomis herba venti
Muschmpia_tessellum;Phlomis samia
Neohipparchia_fatua;NA
Neohipparchia_hansii;NA
Neohipparchia_powelli;Lygeum spartum
Neohipparchia_statilinus_statilinus;Bromus erectus
Neohipparchia_statilinus_statilinus;Bromus sterilis
Neohipparchia_statilinus_statilinus;Bothriochloa ischaemum
Neohipparchia_statilinus_statilinus;Stipa pennata
Neohipparchia_statilinus_statilinus;Lygeum spartum
Neolysandra_coelestina;Vicia sp
Neolysandra_coelestina;Vicia cracca stenophylla
Neptis_rivularis;Spiraea chamaedryfolia
Neptis_rivularis;Spiraea salicifolia
Neptis_rivularis;Aruncus dioicus
Neptis_rivularis;Filipendula ulmaria
Neptis_sappho;Lathyrus vernus
Neptis_sappho;Lathyrus niger
Nymphalis_antiopa;Salix alba
Nymphalis_antiopa;Salix cinerea
Nymphalis_antiopa;Salix atrocinerea
Nymphalis_antiopa;Salix caprea
Nymphalis_antiopa;Salix aurita
Nymphalis_antiopa;Salix viminalis
Nymphalis_antiopa;Populus tremula
Nymphalis_antiopa;Populus nigra
Nymphalis_antiopa;Populus alba
Nymphalis_polychlorus;Ulmus procera
Nymphalis_polychlorus;Ulmus glabra
Nymphalis_polychlorus;Ulmus campestris
Nymphalis_polychlorus;Ulmus americana
Nymphalis_polychlorus;Salix caprea
Nymphalis_polychlorus;Salix alba
Nymphalis_polychlorus;Salix pedicellata
Nymphalis_polychlorus;Salix viminalis
Nymphalis_polychlorus;Prunus avium
Nymphalis_polychlorus;Prunus domestica
Nymphalis_polychlorus;Prunus padus
Nymphalis_polychlorus;Pyrus communis
Nymphalis_polychlorus;Malus domestica
Nymphalis_polychlorus;Populus tremula
Nymphalis_polychlorus;Populus nigra
Nymphalis_polychlorus;Populus alba
Nymphalis_polychlorus;Sorbus torminalis
Nymphalis_polychlorus;Crategus monogyna
Nymphalis_vaualbum;Salix sp
Nymphalis_vaualbum;Populus sp
Nymphalis_vaualbum;Ulmus sp
Nymphalis_xanthomelas;Salix sp
Nymphalis_xanthomelas;Populus sp
Ochlodes_venatus;Dactylis glomerata
Ochlodes_venatus;Molinia caerulea arundincacea
Ochlodes_venatus;Molinia caerulea
Ochlodes_venatus;Brachypodium pinnatum
Ochlodes_venatus;Brachypodium sylvaticum
Ochlodes_venatus;Poa pratensis
Ochlodes_venatus;Festuca arundinacea
Ochlodes_venatus;Calamagrostis epigejos
Ochlodes_venatus;Luzula pilosa
Ochlodes_venatus;Holcus lanatus
Ochlodes_venatus;Elymus repens
Ochlodes_venatus;Juncus effusus
Ochlodes_venatus;Agrostis capillaris
Ochlodes_venatus;Phleum pratense
Oeneis_bore;Festuca ovina
Oeneis_glacialis;Festuca ovina
Oeneis_jutta;NA
Oeneis_norna;Phleum pratense
Oeneis_norna;Poa alpina
Oeneis_norna;Carex sp
Oeneis_norna;Nardus sp
Papilio_alexanor;Opopanax chironium
Papilio_alexanor;Seseli montanum
Papilio_alexanor;Ptychotis saxifraga
Papilio_alexanor;Trinia glauca
Papilio_alexanor;Opoponax hispidus
Papilio_alexanor;Pimpinella saxifraga
Papilio_alexanor;Scaligeria cretia
Papilio_alexanor;Ferula communis
Papilio_alexanor;Pastinaca sativa
Papilio_hospiton;Ferula communis
Papilio_hospiton;Ruta corsica
Papilio_hospiton;Peucedanum paniculatum
Papilio_machaon_britannicus;Peucedanum palustre
Papilio_machaon_gorganus;Foeniculum vulgare
Papilio_machaon_gorganus;Apiaceae
Pararge_aegeria_aegeria;Brachypodium sylvaticum
Pararge_aegeria_aegeria;Brachypodium pinnatum
Pararge_aegeria_aegeria;Holcus lanatus
Pararge_aegeria_aegeria;Cynodon dactylon
Pararge_aegeria_aegeria;Agrostis gigantea
Pararge_aegeria_aegeria;Dactylis glomerata
Pararge_aegeria_aegeria;Elymus repens
Pararge_xiphia;Brachypodium sylvaticum
Pararge_xiphia;Holcus lanatus
Pararge_xiphia;Agrostis gigantea
Pararge_xiphioides;NA
Parnassius_apollo;Sedum album
Parnassius_apollo;Sedum telephium
Parnassius_apollo;Sedum sp
Parnassius_apollo;Sedum roseum
Parnassius_apollo;Sedum annuum
Parnassius_apollo;Sedum villosum
Parnassius_apollo;Sempervivum tectorum
Parnassius_apollo;Rhodiola rosea
Parnassius_apollo_rhodopensis;Sedum album
Parnassius_apollo_rhodopensis;Sedum telephium
Parnassius_apollo_rhodopensis;Sedum sp
Parnassius_apollo_rhodopensis;Sedum roseum
Parnassius_apollo_rhodopensis;Sedum annuum
Parnassius_apollo_rhodopensis;Sedum villosum
Parnassius_apollo_rhodopensis;Sempervivum tectorum
Parnassius_apollo_rhodopensis;Rhodiola rosea
Parnassius_mnemosyne_athene;Corydalis solida
Parnassius_mnemosyne_athene;Corydalis bulbosa
Parnassius_mnemosyne_athene;Corydalis intermedia
Parnassius_phoebus;Saxifraga aizoides
Parnassius_phoebus_cardinalis;Saxifraga aizoides
Parnassius_phoebus_sacerdos;Saxifraga aizoides
Pelopidas_thrax;NA
Pieris_brassicae;Brassicaceae
Pieris_brassicae;Brassicaca sp
Pieris_brassicae;Capparis spinosa
Pieris_brassicae;Tropaeolum majus
Pieris_cheiranthi;NA
Plebejus_allardi;NA
Plebejus_argus_argus;Lotus sp
Plebejus_argus_argus;Ulex sp
Plebejus_argus_argus;Cytisus sp
Plebejus_argus_argus;Genista sp
Plebejus_argus_argus;Colutea sp
Plebejus_argus_argus;Astragalus sp
Plebejus_argus_argus;Ononis sp
Plebejus_argus_argus;Medicago sp
Plebejus_argus_argus;Hippocrepis sp
Plebejus_argus_argus;Coronilla sp
Plebejus_argus_argus;Galega sp
Plebejus_argus_argus;Cistaceae
Plebejus_argus_argus;Helianthemum
Plebejus_argus_argus;Ericaceae
Plebejus_argus_argus;Calluna vulgaris
Plebejus_argyrognomon;Coronilla varia
Plebejus_argyrognomon;Astragalus glycyphyllos
Plebius_idas_bellieri;Genista depressa
Plebius_idas_bellieri;Cytisus villosus
Plebejus_idas_calliopsis;Cytisus scoparius
Plebejus_idas_calliopsis;Genista pilosa
Plebejus_idas_calliopsis;Lotus corniculatus
Plebejus_idas_calliopsis;Melilotus alba
Plebejus_idas_calliopsis;Anthyllis vulneraria
Plebejus_idas_calliopsis;Calluna vulgaris
Plebejus_idas_idas;NA
Plebejus_idas_magnagraeca;Hippophae rhamnoides
Plebejus_loewii;NA
Plebejus_martini;NA
Plebejus_pylaon_sephirus;Astragalus exscapus
Plebejus_pylaon_sephirus;Astragalus dasyanthus
Plebejus_pylaon_sephirus;Astragalus parnassi cyllenus
Plebejus_pylaon_sephirus;Astragalus angustifolius
Plebejus_pylaon_sephirus;Astracantha rumelica
Plebicula_atlantica;NA
Plebicula_dorylas;Anthyllis vulneraria
Plebicula_golgus_golgus;Anthyllis vulneraria arundana
Plebicula_nivescens;Anthyllis vulneraria
Polygonia_c-album;Urtica dioica
Polygonia_c-album;Salix caprea
Polygonia_c-album;Salix alba
Polygonia_c-album;Humulus lupulus
Polygonia_c-album;Ribes uva crispa
Polygonia_c-album;Ribes nigrum
Polygonia_c-album;Ribes rubrum
Polygonia_c-album;Corylus avellana
Polygonia_c-album;Ulmus glabra
Polygonia_c-album;Ulmus minor
Polygonia_c-album;Ulmus procera
Polygonia_c-album;Ulmus laevis
Polygonia_egea;Parietaria officinalis
Polyommatus_eroides;Genista depressa
Polyommatus_eros;Oxytropis halleri
Polyommatus_eros;Oxytropis campestris
Polyommatus_icarus_icarus;Fabaceae
Polyommatus_icarus_icarus;Galega sp
Polyommatus_icarus_icarus;Ononis sp
Polyommatus_icarus_icarus;Lotus sp
Polyommatus_icarus_icarus;Medicago sp
Polyommatus_icarus_icarus;Genista sp
Polyommatus_icarus_icarus;Astragalus sp
Polyommatus_icarus_icarus;Astracantha sp
Polyommatus_icarus_icarus;Onobrychis sp
Polyommatus_icarus_icarus;Anthyllis sp
Polyommatus_icarus_icarus;Coronilla sp
Polyommatus_icarus_icarus;Lotus corniculatus
Polyommatus_icarus_icarus;Medicago lupulina
Polyommatus_menelaos;Astragalus taygeteus
Pontia_callidice;Erysium helveticum
Pontia_callidice;Reseda glauca
Pontia_callidice;Cardamine bellidifolia
Pontia_callidice;Hutchinsia alpina
Pontia_chloridice;Sinapis arvensis
Pontia_chloridice;Biscutella laevigata
Pontia_chloridice;Raphanus raphanistrum
Pontia_chloridice;Moricandia arvensis
Pontia_chloridice;Iberis sempervirens
Pontia_chloridice;Iberis pinnata
Pontia_chloridice;Isatis tinctoria
Pontia_daplidice;Reseda luteola
Pontia_daplidice;Reseda alba
Pontia_daplidice;Reseda lutea
Pontia_daplidice;Sisymbrium sp
Pontia_daplidice;Erysimum
Pontia_daplidice;Ptilotrichum sp
Pontia_daplidice;Arabis sp
Pontia_daplidice;Moricandia sp
Pontia_daplidice;Alyssmum sp
Pontia_daplidice;Sinapis sp
Pontia_daplidice;Iberis sp
Pontia_daplidice;Diplotaxis sp
Pontia_daplidice;Descurainia sp
Pontia_daplidice;Lepidium sp
Pontia_daplidice;Raphanus sp
Pontia_daplidice;Thlaspi sp
Pontia_daplidice;Fibigia sp
Pontia_daplidice;Brassicaceae
Pontia_edusa;Reseda alba
Pontia_edusa;Reseda lutea
Pontia_edusa;Reseda luteola
Pontia_edusa;Descurainia sophia
Pontia_edusa;Teesdalia nudicaulis
Pontia_edusa;Lepidium sp
Proclossiana_eunomia_eunomia;Polygonum bistorta
Proclossiana_eunomia_ossiana;Polygonum viviparum
Proclossiana_eunomia_ossiana;Viola palustris
Proterebia_afra;Festuca ovina
Pseudaricia_nicias;Geranium sylvaticum
Pseudaricia_nicias;Geranium pratense
Pseudochazara_anthelea_amalthea;NA
Pseudochazara_anthelea_anthelea;NA
Pseudochazara_atlantis;NA
Pseudochazara_cingovskii;NA
Pseudochazara_geyeri;NA
Pseudochazara_graeca_graeca;NA
Pseudochazara_hippolyte;Festuca ovina
Pseudochazara_mamurra;NA
Pseudochazara_mniszechii;NA
Pseudochazara_orestes;NA
Pseudophilotes_abencerragus;Cleonia lusitanica
Pseudophilotes_barbagiae;Thymus sp
Pseudophilotes_baton;Thymus serpyllum
Pseudophilotes_baton;Thymus vulgaris
Pseudophilotes_baton;Thymus nitens
Pseudophilotes_baton;Thymus praecox
Pseudophilotes_baton;Satureja montana
Pseudophilotes_baton;Satureja hortensis
Pseudophilotes_baton;Lavendula staechas
Pseudophilotes_baton;Lavendula angustifolia
Pseudophilotes_baton;Lavendula latifolia
Pseudophilotes_baton;Mentha suaveolens
Pseudophilotes_baton;Mentha longifolia
Pseudophilotes_baton;Mentha rotunda
Pseudophilotes_baton;Calamintha nepeta
Pseudophilotes_bavius_macedonicus;Salvia sp
Pseudophilotes_bavius_macedonicus;Salvia nutans
Pseudophilotes_bavius_macedonicus;Salvia officinalis
Pseudophilotes_bavius_macedonicus;Salvia verbenaca
Pseudophilotes_panoptes;Thymus mastichina
Pseudophilotes_panoptes;Thymus villosus
Pseudophilotes_panoptes;Satureja montana
Pseudophilotes_vicrama;Thymus longicaulis chaubardii
Pseudophilotes_vicrama;Thymus glabresens
Pseudophilotes_vicrama;Thymus ocheus
Pseudophilotes_vicrama;Thymus striatus
Pseudophilotes_vicrama;Satureja montana
Pseudophilotes_vicrama;Saturja thymbra
Pseudotergumia_fidia;Cynodon dactylon
Pseudotergumia_fidia;Dactylus glomerata
Pseudotergumia_fidia;Brachypodium sp
Pseudotergumia_fidia;Poa annua
Pseudotergumia_fidia;Poa pratensis
Pseudotergumia_fidia;Millum multiflorum
Pseudotergumia_fidia;Oryzopsis sp
Pseudotergumia_wyssii_wyssii;NA
Pyrgus_alveus_alveus;Potentilla sterilis
Pyrgus_alveus_alveus;Helianthemum nummularium
Pyrgus_andromedae;Potentilla thuringiaca
Pyrgus_andromedae;Alchemilla glomerulans
Pyrgus_andromedae;Malva sp
Pyrgus_armoricanus;Potentilla tabernaemontani
Pyrgus_armoricanus;Potentilla reptans
Pyrgus_armoricanus;Potentilla arenaria
Pyrgus_armoricanus;Fragaria vesca
Pyrgus_armoricanus;Helianthemum nummularium
Pyrgus_cacaliae;Potentilla sp
Pyrgus_cacaliae;Sibbaldia sp
Pyrgus_carlinae_carlinae;Potentilla verna
Pyrgus_carlinae_carlinae;Potentilla reptans
Pyrgus_carlinae_carlinae;Potentilla hirta
Pyrgus_carlinae_carlinae;Potentilla tabernaemontani
Pyrgus_carlinae_cirsii;Potentilla reptans
Pyrgus_carlinae_cirsii;Potentilla erecta
Pyrgus_carlinae_cirsii;Potentilla verna
Pyrgus_carlinae_cirsii;Potentilla sterilis
Pyrgus_carlinae_cirsii;Potentilla cinerea
Pyrgus_carthami_carthami;Potentilla cinerea
Pyrgus_carthami_carthami;Potentilla hirta
Pyrgus_carthami_carthami;Potentilla tabernaemontani
Pyrgus_carthami_carthami;Potentilla heterophylla
Pyrgus_carthami_carthami;Potentilla arenaria
Pyrgus_centaureae;Rubus chamaemorus
Pyrgus_cinarae;Potentilla recta
Pyrgus_foulquieri;Potentilla sp
Pyrgus_malvae;Potentilla pennsylvanica
Pyrgus_onopordi;Malva neglecta
Pyrgus_serratulae;Potentilla recta
Pyrgus_serratulae;Potentilla pedata
Pyrgus_serratulae;Potentilla tabernaemontani
Pyrgus_serratulae;Potentilla hirta
Pyrgus_serratulae;Potentilla nevadensis
Pyrgus_serratulae;Potentilla reptans
Pyrgus_sidae_sidae;Potentilla recta
Pyrgus_warrenensis;NA
Pyronia_bathseba;Brachypodium sylvaticum
Pyronia_cecilia;NA
Pyronia_janiroides;Poa annua
Pyronia_tithonus;Phleum pratense
Pyronia_tithonus;Poa annua
Pyronia_tithonus;Poa nemoralis
Pyronia_tithonus;Poa trivialis
Pyronia_tithonus;Poa pratensis
Pyronia_tithonus;Elymus repens
Pyronia_tithonus;Agrostis capillaris
Pyronia_tithonus;Agrostis canina
Pyronia_tithonus;Festuca ovina
Pyronia_tithonus;Festuca rubra
Pyronia_tithonus;Festuca pratensis
Pyronia_tithonus;Lolium perenne
Pyronia_tithonus;Dactylis glomerata
Pyronia_tithonus;Milium effusum
Quercusia_quercus;Quercus sp
Quercusia_quercus;Quercus coccifera
Quercusia_quercus;Quercus ilex
Satyrium_acaciae;Prunus spinosa
Satyrium_esculi;Quercus coccifera
Satyrium_esculi;Quercus ilex
Satyrium_ilicis;Quercus sp
Satyrium_ilicis;Quercus coccifera
Satyrium_ilicis;Quercus ilex
Satyrium_ilicis;Quercus robur
Satyrium_ledereri;Atraphaxis billardieri var billardieri
Satyrium_pruni;NA
Satyrium_spini;Rhamnaceae
Satyrium_spini;Rhamnus alaternus
Satyrium_spini;Rhamnus lycioides 
Satyrium_spini;Rhamnus alpinus
Satyrium_spini;Paliurus spina christi
Satyrium_w-album;Ulmus sp
Satyrium_w-album;Ulmus glabra
Satyrus_actaea;NA
Satyrus_ferula;Festuca ovina
Scolitantides_orion_lariana;Sedum album
Spialia_doris;Convolulus lanatus
Spialia_doris;Convolulus captmedusae
Spialia_doris;Convolulus trabutianus
Spialia_orbifer;Sanguisorba minor
Spialia_phlomidis;NA
Spialia_sertorius_setorius;Sanguisorba minor
Spialia_sertorius_ali;Sanguisorba magnolii
Tarucus_balcanicus;Paliurus spina christi
Tarucus_rosaceus;Paliurus spina christi
Tarucus_theophrastus;Ziziphus lotus
Tarucus_theophrastus;Ziziphus vulgaris
Tarucus_theophrastus;Ziziphus jujuba
Tarucus_theophrastus;Zizphus sativa
Tarucus_theophrastus;Paliurus spina christi
Thecla_betulae;Prunus spinosa
Thymelicus_acteon;Brachypodium pinnatum
Thymelicus_acteon;Brachypodium sylvaticum
Thymelicus_acteon;Elymus repens
Thymelicus_acteon;Calamagrostis epigejos
Thymelicus_hamaza;NA
Thymelicus_hyrax;NA
Thymelicus_lineola;Phleum pratense
Thymelicus_lineola;Holcus mollis
Thymelicus_lineola;Calamagrostis epigejos
Thymelicus_lineola;Dactylis glomerata
Thymelicus_lineola;Agrostis capillaris
Thymelicus_lineola;Brachypodium pinnatum
Thymelicus_lineola;Brachypodium sylvaticum
Thymelicus_lineola;Arrhenatherum elatius
Thymelicus_lineola;Triticum aestivum
Thymelicus_lineola;Alopecurus pratensis
Thymelicus_lineola;Carex acutiformis
Thymelicus_lineola;Lolium perenne
Thymelicus_lineola;Phalaris arundinacea
Thymelicus_lineola;Anthoxanthum odoratum
Thymelicus_lineola;Elymus repens
Thymelicus_sylvestris;Holcus lanatus
Thymelicus_sylvestris;Holcus mollis
Thymelicus_sylvestris;Phleum pratense
Thymelicus_sylvestris;Brachypodium sylvaticum
Tomares_ballus;Medicago sp
Tomares_ballus;Dorycnium hirsutum
Tomares_ballus;Medicago littoralis
Tomares_ballus;Medicago truncatula
Tomares_ballus;Medicago minima
Tomares_ballus;Medicago lupulina
Tomares_mauretanicus;NA
Tomares_nogelii;Astragalus ponticus
Turanana_endymion;Acantholimon androsaceum
Ultraaricia_anteros;Geranium asphodeloides
Ultraaricia_anteros;Geranium sanguineum
Ultraaricia_anteros;Geranium macrorrhizum
Ultraaricia_anteros;Geranium cinereum
Vacciniia_opilete;Vaccinium uliginosum
Vacciniia_opilete;Vaccinium myrtillus
Vacciniia_opilete;Vaccinium oxycoccos
Vacciniia_opilete;Erica tetralix
Vanessa_atalanta;Urtica dioica
Vanessa_atalanta;Parietaria officinalis
Vanessa_atalanta;Parietaria diffusa
Vanessa_atalanta;Parietaria debilis
Vanessa_cardui;Cucurbitaceae
Vanessa_cardui;Asteraceae
Vanessa_cardui;Fabaceae
Vanessa_cardui;Vitaceae
Vanessa_cardui;Malvaceae
Vanessa_cardui;Brassicaceae
Vanessa_cardui;Boraginaceae
Vanessa_cardui;Cirsium sp
Vanessa_cardui;Carduus sp
Vanessa_cardui;Echium sp
Vanessa_cardui;Malva sp
Vanessa_cardui;Malva sylvestris
Vanessa_cardui;Glycine max
Vanessa_indica;Urtica morifolia
Vanessa_indica;Parietaria sp
Vanessa_virginiensis;NA
Ypthima_asterope;NA
Zegris_eupheme;Hirschfeldia incana
Zegris_eupheme;Isatis tinctoria
Zerynthia_cerisy;Aristolochia clematitis
Zerynthia_cerisy_cerisy;Aristolochia bodamae
Zerynthia_polyxena;Aristolochia clematitis
Zerynthia_polyxena;Aristolochia rotunda
Zerynthia_polyxena;Aristolochia pallida
Zerynthia_polyxena;Aristolochia pistolochia
Zerynthia_polyxena_ochracea;Aristolochia clematitis
Zerynthia_polyxena_ochracea;Aristolochia rotunda
Zerynthia_polyxena_ochracea;Aristolochia pallida
Zerynthia_polyxena_ochracea;Aristolochia pistolochia
Zerynthia_rumina;Aristolochia pistolochia
Zerynthia_rumina;Aristolochia rotunda
Zerynthia_rumina;Aristolochia longa
Zerynthia_rumina;Aristolochia batica
Zerynthia_rumina_canteneri;Aristolochia pistolochia
Zerynthia_rumina_canteneri;Aristolochia rotunda
Zerynthia_rumina_canteneri;Aristolochia longa
Zerynthia_rumina_canteneri;Aristolochia batica
Zerynthia_rumina_honnoratii;Aristolochia pistolochia
Zerynthia_rumina_honnoratii;Aristolochia rotunda
Zerynthia_rumina_honnoratii;Aristolochia longa
Zerynthia_rumina_honnoratii;Aristolochia batica
Zerynthia_rumina_medesicaste;Aristolochia pistolochia
Zerynthia_rumina_medesicaste;Aristolochia rotunda
Zerynthia_rumina_medesicaste;Aristolochia longa
Zerynthia_rumina_medesicaste;Aristolochia batica
Zizeeria_knysna;Medicago minima
Zizeeria_knysna;Medicago lupulina
Zizeeria_knysna;Medicago sativa
